date,number_active_users,percentage_active_users
2019-01-01,72,35.64
2019-01-02,95,47.03
2019-01-03,103,50.99
2019-01-04,107,52.97
2019-01-05,108,53.47
2019-01-06,110,54.46
2019-01-07,114,56.44
2019-01-08,113,55.94
2019-01-09,115,56.93
2019-01-10,115,56.93
2019-01-11,114,56.44
2019-01-12,112,55.45
2019-01-13,114,56.44
2019-01-14,119,58.91
2019-01-15,118,58.42
2019-01-16,120,59.41
2019-01-17,120,59.41
2019-01-18,118,58.42
2019-01-19,119,58.91
2019-01-20,118,58.42
2019-01-21,118,58.42
2019-01-22,121,59.9
2019-01-23,119,58.91
2019-01-24,115,56.93
2019-01-25,114,56.44
2019-01-26,111,54.95
2019-01-27,112,55.45
2019-01-28,112,55.45
2019-01-29,111,54.95
2019-01-30,112,55.45
2019-01-31,112,55.45
2019-02-01,109,53.96
2019-02-02,108,53.47
2019-02-03,107,52.97
2019-02-04,109,53.96
2019-02-05,108,53.47
2019-02-06,108,53.47
2019-02-07,107,52.97
2019-02-08,105,51.98
2019-02-09,105,51.98
2019-02-10,105,51.98
2019-02-11,105,51.98
2019-02-12,106,52.48
2019-02-13,103,50.99
2019-02-14,105,51.98
2019-02-15,105,51.98
2019-02-16,105,51.98
2019-02-17,111,54.95
2019-02-18,119,58.91
2019-02-19,116,57.43
2019-02-20,127,62.87
2019-02-21,135,66.83
2019-02-22,136,67.33
2019-02-23,138,68.32
2019-02-24,143,70.79
2019-02-25,138,68.32
2019-02-26,140,69.31
2019-02-27,146,72.28
2019-02-28,146,72.28
2019-03-01,139,68.81
2019-03-02,138,68.32
2019-03-03,132,65.35
2019-03-04,132,65.35
2019-03-05,128,63.37
2019-03-06,125,61.88
2019-03-07,123,60.89
2019-03-08,120,59.41
2019-03-09,119,58.91
2019-03-10,120,59.41
2019-03-11,120,59.41
2019-03-12,119,58.91
2019-03-13,119,58.91
2019-03-14,124,61.39
2019-03-15,123,60.89
2019-03-16,120,59.41
2019-03-17,118,58.42
2019-03-18,118,58.42
2019-03-19,120,59.41
2019-03-20,120,59.41
2019-03-21,115,56.93
2019-03-22,110,54.46
2019-03-23,108,53.47
2019-03-24,108,53.47
2019-03-25,109,53.96
2019-03-26,109,53.96
2019-03-27,111,54.95
2019-03-28,111,54.95
2019-03-29,111,54.95
2019-03-30,111,54.95
2019-03-31,112,55.45
2019-04-01,112,55.45
2019-04-02,107,52.97
2019-04-03,103,50.99
2019-04-04,99,49.01
2019-04-05,97,48.02
2019-04-06,97,48.02
2019-04-07,95,47.03
2019-04-08,93,46.04
2019-04-09,95,47.03
2019-04-10,93,46.04
2019-04-11,92,45.54
2019-04-12,94,46.53
2019-04-13,98,48.51
2019-04-14,99,49.01
2019-04-15,96,47.52
